clothing,electronics,entertainment,food_service,grocery,health_beauty,home_garden
T-shirt H&M,Smartphone Apple,Movie Tickets AMC Theatres,Pizza Domino's Pizza,Whole Wheat Bread Dave's Killer Bread,Shampoo Pantene,Lawn Mower Husqvarna
Jeans Levi's,Laptop Dell,Video Game Console Sony (PlayStation),Burger McDonald's,Organic Milk Horizon Organic,Conditioner Herbal Essences,Sofa IKEA
Sneakers Nike,Television Samsung,Streaming Service Subscription Netflix,Sushi Sushi Tei,Eggs Eggland's Best,Toothpaste Colgate,Coffee Maker Keurig
Dress Zara,Tablet Microsoft,Board Games Hasbro,Pasta Olive Garden,Almond Butter Justin's,Body Wash Dove,Bed Frame Wayfair
Suit Armani,Wireless Headphones Sony,E-Book Reader Amazon (Kindle),Coffee Starbucks,Greek Yogurt Chobani,Moisturizer Cetaphil,Garden Hose Gardena
Socks Adidas,Digital Camera Canon,Music Streaming Subscription Spotify,Ice Cream Baskin-Robbins,Extra Virgin Olive Oil Bertolli,Deodorant Degree,Dining Table Ashley Furniture
Underwear Calvin Klein,Smart Watch Garmin,Fitness Club Membership Planet Fitness,Sandwich Subway,Quinoa Bob's Red Mill,Face Wash Neutrogena,Blender Vitamix
Jacket North Face,Bluetooth Speaker Bose,Bicycle Trek,Steak Outback Steakhouse,Frozen Vegetables Birds Eye,Sunscreen Banana Boat,Area Rug Ruggable
Skirt Gucci,E-Reader Amazon Kindle,Yoga Classes CorePower Yoga,Salad Sweetgreen,Canned Tomatoes San Marzano,Lip Balm Burt's Bees,Desk Lamp Philips
Sweater Ralph Lauren,Microwave Oven Panasonic,Concert Tickets Ticketmaster,Tacos Taco Bell,Apple Cider Vinegar Bragg,Makeup Remover Garnier,Patio Set Home Depot
Scarf Burberry,Refrigerator LG,Museum Pass Smithsonian Institution,Chinese Food P.F. Chang's,Honey Manuka Health,Hand Cream L'Occitane,Shower Curtain Bed Bath & Beyond
Belt Hermes,Washing Machine Whirlpool,Theme Park Tickets Disneyland,Donuts Dunkin' Donuts,Brown Rice Lundberg,Nail Polish OPI,Wall Clock Casio
Gloves Coach,Vacuum Cleaner Dyson,Golf Clubs Callaway,Chicken Wings Buffalo Wild Wings,Pasta Barilla,Hair Spray L'Oreal,Tool Set Craftsman
Cap New Era,Air Purifier Honeywell,Acoustic Guitar Yamaha,Smoothies Jamba Juice,Coffee Beans Starbucks,Foundation Maybelline,Microwave Oven Panasonic
Sunglasses Ray-Ban,Hair Dryer Conair,Digital Camera Canon,Bagels Einstein Bros. Bagels,Green Tea Twinings,Concealer Tarte,BBQ Grill Weber
Watch Rolex,Electric Kettle Russell Hobbs,Camping Gear REI,BBQ Ribs Famous Dave's,Cereal Kellogg's,Mascara Covergirl,Vacuum Cleaner Dyson
Backpack JanSport,Food Processor Cuisinart,Ski Pass Vail Resorts,Indian Food Tandoori Oven,Natural Peanut Butter Smucker's,Eyeliner Stila,Picture Frame Michael's
Tie Brooks Brothers,Espresso Machine Breville,Aquarium Membership Monterey Bay Aquarium,Falafel Halal Guys,Dark Chocolate Lindt,Eye Shadow Urban Decay,Plant Pot Lechuza
Swimsuit Speedo,Stand Mixer KitchenAid,Art Supplies Blick Art Materials,Thai Food Noodles & Company,Sparkling Water LaCroix,Lipstick MAC,Bookshelf Sauder
Sandals Birkenstock,Rice Cooker Zojirushi,Puzzle Ravensburger,Fish and Chips Long John Silver's,Almonds Blue Diamond,Blush NARS,Ceiling Fan Hunter
Hoodie Supreme,Toaster Hamilton Beach,Dance Classes Arthur Murray,Paella La Tasca,Tofu Nasoya,Eyebrow Pencil Anastasia Beverly Hills,Toaster Cuisinart
Leggings Lululemon,Slow Cooker Crock-Pot,Karaoke Machine Singing Machine,Korean BBQ Kang Hodong Baekjeong,Canned Beans Goya,Face Serum The Ordinary,Curtains Ikea
Blazer Hugo Boss,Blender NutriBullet,Magazine Subscription National Geographic,Gyros Daphne's,Protein Bars Clif Bar,Body Lotion Aveeno,Fire Pit Solo Stove
Boots Timberland,Portable Charger Anker,Surfboard Quiksilver,Poutine Smoke's Poutinerie,Kale Chips Rhythm Superfoods,Hair Oil Moroccanoil,Dishwasher Bosch
Cufflinks Tiffany & Co.,Fitness Tracker Fitbit,RC Cars Traxxas,Vegetarian Food Vegetarian House,Coconut Water Vita Coco,Acne Treatment Proactiv,Garden Shovel Fiskars
Pajamas Victoria's Secret,Gaming Console Nintendo,Zoo Tickets San Diego Zoo,Ramen Ippudo,Gluten-Free Bread Udi's,Anti-Aging Cream Olay,Television Samsung
Beanie Carhartt,Action Camera GoPro,Electric Guitar Fender,French Fries Five Guys,Avocado Oil Chosen Foods,Face Mask Glamglow,Air Purifier Honeywell
Tracksuit Puma,Smart Thermostat Nest,Bowling Alley Pass Bowlero,Cheesecake The Cheesecake Factory,Organic Chicken Bell & Evans,BB Cream Missha,Bedding Set Brooklinen
Slippers Ugg,Robot Vacuum iRobot,Cruise Tickets Royal Caribbean,Burritos Chipotle Mexican Grill,Balsamic Vinegar Modena,CC Cream IT Cosmetics,Electric Kettle Breville
Wallet Louis Vuitton,Electric Toothbrush Oral-B,Fishing Rod Shimano,Fried Chicken KFC,Granola Nature's Path,Hair Dye Schwarzkopf,Floor Lamp Ikea
Raincoat Patagonia,Soundbar Sonos,Rock Climbing Gym Membership Touchstone Climbing,Tapas Jaleo,Sweet Potatoes Organic Valley,Electric Toothbrush Oral-B,Recliner Chair La-Z-Boy
Shawl Chanel,Wireless Router Netgear,Comic Books Marvel Comics,Vegan Food Veggie Grill,Frozen Pizza DiGiorno,Razor Gillette,Food Processor KitchenAid
Formal Shoes Clarks,External Hard Drive Western Digital,Piano Steinway & Sons,Crepes Crepevine,Orange Juice Tropicana,Shaving Cream Barbasol,Throw Pillows Pottery Barn
Bra Savage X Fenty,Smart Home Hub Google Home,Online Gaming Subscription Xbox Live,Dim Sum Yank Sing,Baby Spinach Earthbound Farm,Perfume Chanel,Leaf Blower Black+Decker
Sports Jacket Columbia,Electric Grill George Foreman,Botanical Garden Membership New York Botanical Garden,Shawarma Shawarma King,Cheddar Cheese Tillamook,Cologne Dior,Pressure Washer K??rcher
Yoga Pants Alo Yoga,Juicer Omega,Kayak Hobie,Pho Pho 24,Dried Lentils Goya,Bath Bomb Lush,Fridge LG
Flip Flops Havaianas,Steam Iron Rowenta,Home Theater System Bose,Milkshakes Steak 'n Shake,Salmon Fillets Wild Planet,Aftershave Nivea,Garden Bench Plow & Hearth
Overcoat Burberry,Electric Shaver Philips,"Vinyl Records Vinyl Me, Please",Soul Food Sylvia's Restaurant,Almond Milk Silk,Hair Gel American Crew,Wall Art Society6
Briefcase Samsonite,Home Security Camera Arlo,Knitting Supplies Lion Brand Yarn,Cupcakes Sprinkles Cupcakes,Whole Grain Mustard Maille,Dry Shampoo Batiste,Juicer Omega
Ankle Boots Dr. Martens,Graphic Tablet Wacom,Scrapbooking Materials Michaels,Mexican Food El Pollo Loco,Soy Sauce Kikkoman,Cleansing Oil DHC,Humidifier Vicks
Sports Bra Under Armour,E-book Reader Kobo,Cooking Classes Sur La Table,Greek Food The Greek Spot,Bottled Water Fiji,Face Scrub St. Ives,Cutlery Set Henckels
Knee High Socks Happy Socks,Dishwasher Bosch,Snorkeling Gear Cressi,Hot Dogs Nathan's Famous,Canned Tuna Bumble Bee,Hand Soap Method,Storage Bins The Container Store
Trench Coat London Fog,Air Fryer Ninja,Model Trains Hornby,Waffles Waffle House,Organic Apples Honeycrisp,Foot Cream Eucerin,Thermostat Nest
Running Shoes Asics,Electric Skillet Presto,Theater Show Tickets Broadway.com,Lobster Red Lobster,Olive Oil Pompeian,Beard Oil Jack Black,Door Mat Frontgate
Basketball Shorts Jordan,Portable Air Conditioner Honeywell,Jigsaw Puzzles Jiggy,Gourmet Burgers Shake Shack,Chia Seeds Nutiva,Eye Cream Kiehl's,Bath Towels Parachute
Baseball Cap 47 Brand,Home Theater System Bose,Pottery Classes The Clay Studio,Japanese Food Benihana,Frozen Berries Dole,Nail Remover Sally Hansen,Espresso Machine De'Longhi
Fleece Jacket Columbia,Smart Light Bulbs Philips Hue,Wine Tasting Experience Napa Valley Wine Tours,Tiramisu Carrabba's Italian Grill,Nutella Ferrero,Hair Wax TIGI,Garden Gloves Wells Lamont
Leather Belt Montblanc,Sewing Machine Brother,Drone DJI,Poke Bowls Poke Bar,Sriracha Sauce Huy Fong Foods,Setting Spray Urban Decay,Space Heater Lasko
Evening Gown Oscar de la Renta,Induction Cooktop GE,Archery Equipment Archery World,Catering Services Panera Bread,Ketchup Heinz,Toner Thayers,Oven Range GE
Bow Tie Tom Ford,Digital Piano Yamaha,Photography Classes Nikon School,Seafood Joe's Crab Shack,Mayonnaise Hellmann's,Exfoliating Pad Neogen,Nightstand West Elm
Crossbody Bag Kate Spade,VR Headset Oculus,Paintball Equipment Tippmann,Middle Eastern Food Mamoun's Falafel,Flour Tortillas Mission,Lip Gloss Fenty Beauty,Lawn Sprinkler Rain Bird
Denim Jacket Wrangler,Electric Scooter Xiaomi,Home Brewing Kit Northern Brewer,Brunch Brunch Caf??,Bacon Oscar Mayer,Highlighter BECCA,Sewing Machine Brother
Winter Coat Canada Goose,Drone DJI,Gardening Tools Fiskars,Gelato Gelato Fiasco,Chicken Breast Tyson,Contour Kit Kat Von D,Smart Speaker Amazon Echo
Fisherman's Hat Stussy,Smart Lock August,Virtual Reality Headset Oculus Rift,Quesadillas Qdoba Mexican Eats,Sliced Turkey Boar's Head,Bronzer Benefit,Paint Benjamin Moore
Wool Scarf Acne Studios,Range Hood Broan,Chess Set House of Staunton,Quesadillas Qdoba Mexican Eats,Ground Beef Certified Angus Beef,False Eyelashes Ardell,Garden Fertilizer Miracle-Gro
Bomber Jacket Alpha Industries,Waffle Maker Cuisinart,Kite Prism Kite Technology,Craft Beer The Craft Beer Co.,Cornflakes Kellogg's,Nail Clippers Tweezerman,Clothes Dryer Whirlpool
Cargo Pants Carhartt,Garment Steamer Jiffy,Language Learning Software Rosetta Stone,Macarons Ladur??e,Spaghetti De Cecco,Hairbrush Wet Brush,Office Chair Herman Miller
High Heels Jimmy Choo,Noise-Cancelling Headphones Bose,Sewing Machine Brother,Artisanal Bread Panera Bread,Russet Potatoes Idahoan,Makeup Brushes Sigma Beauty,Sleeping Bag Coleman
Sweatpants Champion,Smart Scale Withings,Telescope Celestron,Chocolate Ghirardelli,Cream Cheese Philadelphia,Face Primer Smashbox,Lawn Edger Worx
Cardigan Banana Republic,Smart Scale Withings,Magic Tricks Set Murphy's Magic,Gourmet Cheese Murray's Cheese,Rice Cakes Quaker,Lip Liner Charlotte Tilbury,Watering Can Haws
Knit Hat The North Face,3D Printer MakerBot,Bird Watching Binoculars Nikon,Organic Produce Whole Foods Market,Blueberries Driscoll's,Bath Salts Dr Teal's,Trash Can Simplehuman
Lingerie Agent Provocateur,Electric Blanket Sunbeam,Scuba Diving Lessons PADI,Sourdough Bread Boudin Bakery,Romaine Lettuce Fresh Express,Face Peel Drunk Elephant,Ironing Board Brabantia
Maternity Dress Motherhood Maternity,Solar Charger Anker,Graphic Novels DC Comics,Tea Teavana,Organic Carrots Bolthouse Farms,Hair Serum John Frieda,Floor Cleaner Bona
Cargo Shorts Dockers,Electric Mop Bissell,Skateboard Element,Croissants Paul Bakery,Canned Soup Campbell's,Nail Strengthener OPI,Hand Mixer Hamilton Beach
Wristlet Coach,Smart Plug TP-Link,Audiobook Subscription Audible,Wine Total Wine & More,Oatmeal Quaker,Hair Mask Olaplex,Hammock ENO
Denim Shorts American Eagle,Humidifier Vicks,Trampoline Skywalker Trampolines,Craft Cocktails Death & Co,Gala Apples Washington Apple,Bubble Bath Philosophy,Garden Shears Gardena
Windbreaker Adidas,Electric Pressure Cooker Instant Pot,Art Class Subscription Skillshare,Caviar Petrossian,Lemonade Simply,Shower Gel The Body Shop,Bread Maker Zojirushi
Long Sleeve Shirt Uniqlo,Car GPS Garmin,Hiking Trails Guidebook Lonely Planet,Gourmet Coffee Blue Bottle Coffee,Tomato Sauce Hunt's,Facial Cleanser CeraVe,Shower Head Moen
Ballet Flats Tory Burch,Digital Voice Recorder Sony,Stand Up Paddleboard Bote,Charcuterie Di Bruno Bros,Mozzarella Cheese Galbani,Body Scrub Frank Body,Wallpaper Graham & Brown
Vest Patagonia,Streaming Media Player Roku,Movie Streaming Device Roku,Organic Meat The Butcher's Market,Bagels Thomas',Eyebrow Gel Glossier,Cookware Set All-Clad
Messenger Bag Fossil,Blood Pressure Monitor Omron,Guitar Lessons Fender Play,Vegan Desserts Vegan Treats Bakery,Butter Land O'Lakes,Shaving Balm The Art of Shaving,Duvet Cover Casper
Sports Socks Nike,Digital Photo Frame Nixplay,Roller Skates Moxi Skates,Gluten-Free Food The Gluten Free Bakery,Peanut Butter Jif,Nail Cuticle Oil CND,Air Conditioner Frigidaire
Turtleneck J.Crew,Handheld Vacuum Black+Decker,Bonsai Tree Kit Brussel's Bonsai,Gourmet Pizza Blaze Pizza,Granulated Sugar Domino,Lip Mask Laneige,Weed Trimmer Stihl
Mittens REI,Weather Station AcuRite,Digital Art Tablet Wacom,Craft Soda Jones Soda Co.,Chicken Noodle Soup Progresso,Hair Mousse Paul Mitchell,Candle Holder Yankee Candle
Cycling Shorts Pearl Izumi,Satellite Radio SiriusXM,Mountain Bike Giant,Oysters Hog Island Oyster Co.,Canned Corn Del Monte,Scalp Treatment Head & Shoulders,Food Scale OXO
Hiking Boots Merrell,Keyboard and Mouse Set Logitech,Photography Course MasterClass,Truffle Oil Gourmet Food Store,Strawberries California Giant,Essential Oils doTERRA,Patio Heater Fire Sense
Workout Tank Gymshark,Wi-Fi Range Extender TP-Link,Astrology Software TimePassages,Gourmet Chocolate Godiva,White Rice Uncle Ben's,Body Oil Bio-Oil,Barbecue Tools Grillaholics
Leather Jacket Schott NYC,Mini Projector Anker,Board Game Cafe Membership Snakes & Lattes,Specialty Tea Harney & Sons,Black Beans Bush's,Facial Moisturizer La Roche-Posay,Crockpot Crock-Pot
Boxer Briefs Tommy Hilfiger,Dash Cam Garmin,Racing Simulator Logitech G,Organic Juice Pressed Juicery,Whole Milk Organic Valley,Makeup Sponge Beautyblender,Garden Planter Keter
Cami Top Forever 21,Desktop Computer HP,Laser Tag Set Nerf,Pastry Patisserie Valerie,Ground Turkey Butterball,Teeth Whitening Kit Crest,Wine Rack J.K. Adams
Fedora Borsalino,Baby Monitor Infant Optics,Model Building Kits LEGO,Gourmet Ice Cream Salt & Straw,Sliced Ham Hillshire Farm,Body Butter SheaMoisture,Bathroom Scale Fitbit
Leather Gloves Dents,Smart Doorbell Ring,Escape Room Experience The Escape Game,Deli Sandwich Jersey Mike's Subs,Canned Peas Green Giant,Face Powder Laura Mercier,Garden Tractor John Deere
Board Shorts Quiksilver,Ice Cream Maker Cuisinart,Ceramics Workshop Color Me Mine,Ethiopian Food Ras Dashen,Red Onions Vidalia,Acne Patches COSRX,Vacuum Sealer Foodsaver
Plaid Shirt Abercrombie & Fitch,Bread Maker Zojirushi,Beach Volleyball Set Wilson,Gourmet Burger In-N-Out Burger,Greek Olives Kalamata,Lash Serum L'Oreal,Bedspread Quilted Northern
Wool Coat J.Crew,Electric Wine Opener Oster,Historical Tour Tickets Viator,Baguette La Boulangerie,Sour Cream Daisy,Nail File Revlon,Desk Organizer Madesmart
Cropped Top Topshop,Electric Can Opener Hamilton Beach,DIY Crafting Kit Etsy,Fine Dining The French Laundry,White Bread Wonder,Hair Clippers Wahl,Ladder Werner
Yoga Shorts PrAna,Electric Shaver for Women Braun,Orchestra Concert Tickets Berlin Philharmonic,BBQ Chicken El Pollo Loco,Orange Marmalade Smucker's,Facial Toner Pixi,Bird Feeder Perky-Pet
Straw Hat Tommy Bahama,Portable DVD Player Sony,Comic Con Tickets San Diego Comic-Con,Gourmet Salad Chopt Creative Salad Co.,Pickles Vlasic,Foot Scrub The Body Shop,Rice Cooker Aroma
Riding Boots Ariat,Curling Iron Hot Tools,Baking Supplies King Arthur Baking,Taproom The Taproom,Salsa Pace,Nose Strips Biore,Lamp Shade West Elm
Sports Hoodie Reebok,LED Monitor Dell,Sudoku Book Will Shortz,Sourdough Pizza Sourdough Pizza Co.,Prosciutto Boar's Head,Lip Scrub Fresh,Garden Sprayer Chapin
Compression Leggings 2XU,Digital SLR Camera Nikon,Crossword Puzzle Subscription The New York Times,Tofu Dishes Tofu House,Parmesan Cheese Kraft,Eye Patches Peter Thomas Roth,Storage Shed Rubbermaid
Bikini Triangl,CD Player Sony,Home Aquarium Aqueon,Gourmet Donuts Doughnut Plant,Bottled Smoothies Naked,Hair Detangler Johnson's,Blinds Levolor
Chelsea Boots Blundstone,Computer Speakers Creative,VR Game Beat Saber,Artisanal Gelato Grom,Raspberry Jam Bonne Maman,Brow Kit Benefit,Fireplace Dimplex
Aviator Sunglasses Persol,Smart Ring Motiv,Travel Guide Subscription Lonely Planet,Gourmet Tacos Guerrilla Tacos,Mixed Nuts Planters,Facial Roller Herbivore,Mop Swiffer
Brogues Allen Edmonds,Electric Fireplace Duraflame,Hot Air Balloon Ride Balloon Adventures,French Cuisine Bistro Jeanty,Frozen Waffles Eggo,Shaving Gel Gillette,Grill Cover Classic Accessories
Varsity Jacket Starter,Radar Detector Escort,Collectible Card Games Magic: The Gathering,Craft Distillery High West Distillery,BBQ Sauce Sweet Baby Ray's,Cuticle Remover Blue Cross,Chandelier Kichler
Athletic Shorts Adidas,Smart Water Bottle Hidrate Spark,Smart TV Samsung,Sustainable Seafood Bamboo Sushi,Feta Cheese Athenos,Anti-Dandruff Shampoo Nizoral,Outdoor Lighting Philips Hue
Wool Sweater Woolrich,Electric Pasta Maker Philips,Musical Theater Classes Broadway Workshop,Artisanal Coffee Stumptown Coffee Roasters,Canned Pineapple Dole,Lip Plumper Too Faced,Garden Cart Gorilla Carts
Lace Dress Self-Portrait,Electric Grill George Foreman,Digital Piano Casio,Gourmet Cupcakes Georgetown Cupcake,Chocolate Syrup Hershey's,Facial Mist Mario Badescu,Stand Mixer KitchenAid
Fitness Tracker Fitbit,Toaster Oven Black+Decker,Kiteboarding Lessons REAL Kiteboarding,Wine Bar The Tasting Room,Vegetable Oil Crisco,Body Mist Victoria's Secret,Workbench Gladiator
Beanie Patagonia,Dehumidifier Frigidaire,Painting Set Bob Ross,Gourmet Chocolate Cake Milk Bar,Beef Jerky Jack Link's,Manicure Set Seki Edge,Doormat Chilewich
Corduroy Pants Levi's,Smart Indoor Garden Click & Grow,Paragliding Experience Flytec,Farm-to-Table Dining Farmhouse Inn,Pita Bread Joseph's,Hair Dryer Dyson,Gardening Gloves Atlas
Snow Boots Sorel,Digital Scale Etekcity,Dungeons & Dragons Set Wizards of the Coast,Vegan Pizza Double Zero,Energy Drinks Red Bull,Curling Iron Hot Tools,Electric Grill George Foreman
Running Tights New Balance,Cordless Phone Panasonic,Harmonica Hohner,French Pastries Maison Kayser,Whole Grain Cereal Kashi,Straightener ghd,Curtain Rod Umbra
Maxi Dress Free People,Portable Air Cooler Honeywell,Ice Skating Lessons Ice Skating Institute,Gourmet Cheeseburger The Counter,Cottage Cheese Breakstone's,Electric Shaver Philips Norelco,Lawn Aerator Agri-Fab
Graphic Tee Vans,Digital Thermostat Honeywell,Hot Yoga Classes Bikram Yoga,Craft Brewery Stone Brewing,Maple Syrup Aunt Jemima,Foot Lotion Gold Bond,Kettle Le Creuset
Polo Shirt Lacoste,Water Filter Pitcher Brita,Indoor Skydiving iFLY,Vietnamese Cuisine Pho Hoa,Balsamic Glaze Nonna Pia's,Body Firming Cream Nivea,Bath Mat Gorilla Grip
Silk Scarf Hermes,Noise Machine Marpac,Rock Band Video Game Harmonix,Italian Ice Rita's Italian Ice,Seaweed Snacks gimMe,Lash Glue DUO,Fire Extinguisher Kidde
Mini Skirt Missguided,Electric Massager Theragun,Herbal Tea Sampler Teavana,Farmers Market Union Square Greenmarket,Hazelnut Spread Nutella,Hair Curl Cream DevaCurl,Waffle Maker Cuisinart
Espadrilles Castaner,Inkjet Printer Epson,Herbal Tea Sampler Teavana,Dumplings Din Tai Fung,Vegan Cheese Daiya,Heat Protectant Spray TRESemme,Pillowcase Silvon
Parka Fjallraven,Electric Tea Infuser Breville,Mini Golf Pass Pirate's Cove,Organic Salad Sweetgreen,Sushi Rice Nishiki,Facial Sunscreen EltaMD,Yoga Mat Manduka
Jumpsuit ASOS,Security System SimpliSafe,Book Club Membership Book of the Month,Gourmet Sandwich Earl of Sandwich,Dijon Mustard Grey Poupon,Anti-Frizz Serum John Frieda,Electric Toothbrush Oral-B
Duffle Bag The North Face,Digital Mixer Behringer,DIY Woodworking Kit Rockler,Spanish Cuisine Barcelona Wine Bar,Rice Noodles A Taste of Thai,Waxing Kit Sally Hansen,Slow Cooker Crock-Pot
Bucket Hat Kangol,Karaoke Machine Singing Machine,Amusement Arcade Tokens Dave & Buster's,Gourmet Hot Dogs Portillo's,Quinoa Pasta Ancient Harvest,Facial Oil Sunday Riley,Robot Vacuum iRobot Roomba
Bodycon Dress Fashion Nova,Electronic Drum Set Alesis,Online Cooking Classes Gordon Ramsay's MasterClass,Gourmet Sausage The Sausage Factory,Spelt Flour Bob's Red Mill,After Sun Lotion Hawaiian Tropic,Outdoor Fire Table Outland Living
Peacoat Schott NYC,Electric Piano Casio,Indoor Plant Growing Kit Click and Grow,Bakery Cafe Corner Bakery Cafe,Almond Flour King Arthur,Nail Polish Remover Zoya,String Lights Brightown
Loafers G.H. Bass & Co.,Electric Piano Casio,Guided Nature Hike REI Adventures,Craft Beer Pub The Alchemist,Coconut Flour Viva Naturals,Bath Oil Kneipp,Garden Kneeler Ohuhu
Lace Bralette Aerie,Portable Speaker JBL,Home Karaoke System Karaoke USA,Gourmet Steak Ruth's Chris Steak House,Black Tea Lipton,Sleeping Mask Laneige,Portable Generator Honda
Flannel Shirt LL Bean,Wireless Earbuds Apple AirPods,Astronomy Club Membership The Planetary Society,Artisanal Chocolate Jacques Torres Chocolate,Herbal Tea Celestial Seasonings,Clay Mask Aztec Secret,Security Camera Arlo
Cargo Jacket Levi's,Smart Glasses Vuzix,Meditation App Subscription Headspace,Gourmet Pasta Eataly,Agave Syrup Wholesome,Lip Stain Benefit,Steam Mop Bissell
Work Boots Red Wing Shoes,Electric Skateboard Boosted,Origami Paper Aitoh,Kombucha GT's Kombucha,Stevia Sweetener Truvia,Eyebrow Dye RefectoCil,Herb Garden Kit AeroGarden
Leather Wallet Fossil,Smart Mug Ember,Dart Board Winmau,Specialty Coffee Intelligentsia Coffee,Brown Sugar Domino,Hair Bleach Manic Panic,Deck Box Keter
Chinos Dockers,Laser Printer Brother,Air Hockey Table American Heritage,Turkish Cuisine Saray Restaurant,Powdered Sugar C&H,Foot Peel Baby Foot,Wireless Doorbell Ring
Cycling Jersey Castelli,Fitness Watch Suunto,RC Helicopter Syma,Gourmet Bagels Ess-a-Bagel,Sea Salt Maldon,Shower Cap Drybar,Can Opener Hamilton Beach
Puffer Jacket Moncler,Robot Mop Braava,Electric Scooter Segway,Microbrewery Brooklyn Brewery,Black Pepper McCormick,Nail Buffer Tweezerman,Folding Table Lifetime
Dress Shoes Johnston & Murphy,Digital Notepad Remarkable,Digital Sketch Pad Huion,Gourmet Pies Pie Sisters,Turmeric Simply Organic,Eye Makeup Remover Lancome,Compost Bin FCMP Outdoor
Thermal Shirt Under Armour,Smart Light Switch Lutron,Action Camera GoPro,Sushi Bar Sushi Nakazawa,Cumin McCormick,Micellar Water Bioderma,Bonsai Tree Brussel's Bonsai
Shift Dress Ann Taylor,Gaming Laptop Alienware,Oil Painting Classes Local Art Studios,Brazilian Steakhouse Fogo de Ch??o,Paprika McCormick,Hand Sanitizer Purell,Wine Cooler Frigidaire
Waistcoat Brooks Brothers,Electric Bike Rad Power Bikes,DIY Robot Kit Lego Mindstorms,Russian Cuisine Mari Vanna,Oregano McCormick,Cuticle Cream Burt's Bees,Solar Panels Renogy
Yoga Mat Bag Manduka,Drone with Camera Parrot,Foil Fencing Classes USA Fencing,Gourmet Pizza Bar Robertas,Basil McCormick,Massage Oil Weleda,Indoor Grill Hamilton Beach
Basketball Shoes Adidas,Digital Multimeter Fluke,Music Production Software Ableton Live,Gourmet Burger Joint BurgerFi,Cinnamon McCormick,Volumizing Spray Living Proof,Pasta Maker Marcato
Down Vest The North Face,Smart Garden AeroGarden,Pool Table Brunswick Billiards,Artisanal Bakery Tartine Bakery,Vanilla Extract McCormick,Hair Growth Serum Rogaine,Drawer Organizer Bamboo Expandable
Running Cap Nike,Portable Solar Panel Goal Zero,Aquatic Fitness Classes YMCA,Craft Soda Bar Galco's Soda Pop Stop,Cocoa Powder Hershey's,Nail Hardener Nailtiques,Pool Float Intex
Sarong Seafolly,Digital Video Recorder TiVo,Local Brewery Tour Samuel Adams,Gourmet Bistro Buvette,Baking Powder Clabber Girl,Body Powder Gold Bond,Popcorn Maker Great Northern Popcorn Company
Combat Boots Dr. Martens,Game Console Controller Sony DualShock,Digital Comic Subscription ComiXology,Polish Cuisine Pierogi Mountain,Baking Soda Arm & Hammer,Eyelash Curler Shu Uemura,Spice Rack Kamenstein
Sweatshirt Champion,Smart Thermostat Ecobee,Foosball Table Tornado,Craft Cocktail Bar The Aviary,Yeast Fleischmann's,Foot File Amope,Air Fryer Ninja
Running Socks Balega,Wireless Charging Pad Belkin,Calligraphy Set Speedball,Sushi Train Genki Sushi,Cornstarch Argo,Brow Pencil NYX,Mosquito Trap Dynatrap
Strappy Heels Steve Madden,Electric Wine Cooler Wine Enthusiast,Poker Set Bicycle,Organic Coffee Shop Counter Culture Coffee,Peanut Oil LouAna,Hair Tonic Vaseline,Ice Cream Maker Cuisinart
Denim Skirt Levi's,Gaming PC CyberPowerPC,Mystery Novel Subscription Agatha Christie Ltd.,Vegan Bistro Plant Food + Wine,Canola Oil Wesson,Beard Trimmer Wahl,Garden Arch Gardman
Tennis Skirt Nike,Smart Air Fryer Cosori,Bouldering Gym Pass The Cliffs,Gourmet Bakery Dominique Ansel Bakery,Olive Oil Spray PAM,Nail Art Kit Kiss,Cordless Drill DeWalt
Fleece Vest Patagonia,Digital Keyboard Roland,Tarot Cards Rider-Waite,Italian Deli Di Bruno Bros,Balsamic Vinaigrette Kraft,Depilatory Cream Veet,Wine Decanter Le Chateau
Biker Shorts Alo Yoga,Smart Lighting Kit Philips Hue,Fantasy Football Subscription ESPN Fantasy Sports,Craft Wine Bar City Winery,Ranch Dressing Hidden Valley,Facial Epilator Braun,Plant Stand Bamboo
Tote Bag Michael Kors,Electric Shaver Braun,Planetarium Tickets Hayden Planetarium,Gourmet Gelateria Gelato & Co.,Caesar Dressing Ken's,Mud Mask Glamglow,Bathroom Fan Panasonic
Overalls Dickies,Wireless Gaming Mouse Razer,Chess Tutorial Software Chess.com,Argentinian Grill Gaucho Grill,Italian Dressing Wish-Bone,Lash Primer Lancome,Paper Towel Holder OXO
Harem Pants Free People,Electric Blanket Biddeford,Nature Photography Workshop National Geographic Expeditions,Specialty Cake Shop Carlos Bakery,Soy Milk Silk,Bath Sponge EcoTools,Cheese Grater Zyliss
Quarter-Zip Pullover The North Face,Smart Body Analyzer Qardio,Interactive Cooking Game Overcooked,Organic Vegan Cafe Caf?? Gratitude,Rice Milk Rice Dream,Makeup Setting Powder Coty,Bathrobe Parachute
Trucker Hat Von Dutch,Electric Fondue Pot Cuisinart,Sculpture Materials Sculpture House,Artisanal Pizzeria Lucali,Oat Milk Oatly,Hand Lotion Jergens,Hedge Trimmer Greenworks
Shearling Jacket Acne Studios,Ergonomic Keyboard Microsoft,Frisbee Golf Set Innova Disc Golf,Craft Cheese Shop Cheese Board Pizza,Chicken Broth Swanson,Exfoliating Brush Clarisonic,Pie Dish Emile Henry
Hiking Pants Columbia,Smart Coffee Maker Keurig,Pottery Wheel Speedball,Gourmet Cookie Shop Levain Bakery,Beef Broth Knorr,Lip Plumping Gloss Dior,Storage Ottoman Simpli Home
Rash Guard O'Neill,Wireless Home Security System ADT,Paddle Tennis Set Wilson,Specialty Tea House Samovar Tea Lounge,Vegetable Broth Pacific Foods,Beard Wash Cremo,Garden Statues Design Toscano
Gym Bag Adidas,Electric Pressure Washer Sun Joe,Sudoku App Subscription Sudoku.com,Winery Robert Mondavi Winery,Apple Juice Mott's,Aromatherapy Diffuser Vitruvi,Fountain Pen Pilot
Kimono Anthropologie,Smart Baby Monitor Nanit,Ghost Tour Tickets Haunted History Tours,Organic Bakery Amy's Bread,Grape Juice Welch's,Firming Lotion Nivea,Sofa Cover Easy-Going
Wedge Sandals Clarks,Portable Power Station Jackery,Ballroom Dancing Shoes Capezio,Fine Wine Store Astor Wines & Spirits,Cranberry Juice Ocean Spray,Hair Coloring Brush Color Wow,Salad Spinner OXO
Wool Trousers Theory,Digital Oscilloscope Rigol,Home Escape Room Game Escape the Room,,Tomato Juice V8,Foot Soak Tea Tree Oil,Inflatable Pool Intex
Leather Backpack Tumi,Smart Bathroom Scale Eufy,Stargazing App Star Walk,,Sports Drink Gatorade,Facial Buffing Pads First Aid Beauty,Tea Infuser Fred & Friends
Sweat Shorts Nike,Electronic Keyboard Korg,Cooking Magazine Subscription Bon Appetit,,,Nail Lacquer Essie,Bird Bath Best Choice Products
Rain Boots Hunter,Wi-Fi Smart Plug Kasa,Decorative Candle Making Kit CandleScience,,,Hair Straightening Brush Revlon,Mandoline Slicer Mueller Austria
Poncho Pendleton,Portable PA System Bose,Travel Blogging Course Travel Blog Success,,,Exfoliating Gloves Earth Therapeutics,Rain Gauge AcuRite
Cross Trainers Reebok,Smart Door Lock Schlage,Online Poker Platform PokerStars,,,Face Blotting Paper Clean & Clear,Solar Garden Lights Gigalumi
Base Layer Smartwool,Robot Pet Sony Aibo,Table Tennis Set Butterfly,,,Dry Body Brush C.S.M,Pie Server OXO
Velvet Blazer Ted Baker,Electronic Dart Board Arachnid,Vegan Cooking Class Purple Carrot,,,Nail Repair Kit Orly,Orchid Pot Meshpot
Camo Pants Rothco,Wireless Sound System Sonos,,,,Electric Toothbrush Oral-B,Fireplace Tools Amagabeli
Linen Shirt Tommy Bahama,Electric Can Opener Proctor Silex,,,,Slow Cooker Crock-Pot,Pizza Stone Cuisinart
Graphic Sweatshirt Stussy,Digital Picture Frame Pix-Star,,,,Robot Vacuum iRobot Roomba,Garden Flag Toland Home Garden
Cycling Shoes Shimano,Electric Water Kettle Ovente,,,,Outdoor Fire Table Outland Living,Meat Thermometer ThermoPro
Silk Tie Dolce & Gabbana,Smart Home Security Camera Wyze Cam,,,,String Lights Brightown,Cheese Board Royal Craft Wood
Surf Shorts Billabong,Digital Audio Recorder Zoom,,,,Garden Kneeler Ohuhu,Wind Chimes Woodstock Chimes
,,,,,Portable Generator Honda,Juice Extractor Breville
,,,,,Security Camera Arlo,Folding Chair Cosco
,,,,,Steam Mop Bissell,Towel Warmer Brookstone
,,,,,Herb Garden Kit AeroGarden,Birdhouse Nature's Way
,,,,,Deck Box Keter,Kitchen Timer OXO
,,,,,Wireless Doorbell Ring,Bath Caddy Royal Craft Wood
,,,,,Can Opener Hamilton Beach,Fruit Bowl Spectrum Diversified
,,,,,Folding Table Lifetime,Knife Sharpener Chef'sChoice
,,,,,Compost Bin FCMP Outdoor,Garden Trowel Fiskars
,,,,,Bonsai Tree Brussel's Bonsai,Bread Box Brabantia
,,,,,Wine Cooler Frigidaire,Wine Glasses Riedel
,,,,,Solar Panels Renogy,Electric Blanket Sunbeam
,,,,,Indoor Grill Hamilton Beach,Garden Arbor New England Arbors
,,,,,Pasta Maker Marcato,Gravy Boat Noritake
,,,,,Drawer Organizer Bamboo Expandable,Tablecloth LinenTablecloth
,,,,,Pool Float Intex,Mixing Bowls Pyrex
,,,,,Popcorn Maker Great Northern Popcorn Company,Shoe Rack Seville Classics
,,,,,Spice Rack Kamenstein,Garden Gnome GlitZGlam
,,,,,Air Fryer Ninja,Sandwich Maker Hamilton Beach
,,,,,Mosquito Trap Dynatrap,Pest Control Terro
,,,,,Ice Cream Maker Cuisinart,Carpet Cleaner Hoover
,,,,,Garden Arch Gardman,Egg Cooker Dash
,,,,,Cordless Drill DeWalt,Desk Fan Vornado
,,,,,Wine Decanter Le Chateau,Garden Edging Dimex
,,,,,Plant Stand Bamboo,Ice Maker GE
,,,,,Bathroom Fan Panasonic,Plant Saucer Curtis Wagner Plastics
,,,,,Paper Towel Holder OXO,Bathroom Mirror Kohler
,,,,,Cheese Grater Zyliss,Picnic Basket Picnic Time
,,,,,Bathrobe Parachute,Teapot Tealyra
,,,,,Hedge Trimmer Greenworks,Grill Brush Weber
,,,,,Pie Dish Emile Henry,Rocking Chair POLYWOOD
,,,,,Storage Ottoman Simpli Home,Saut?? Pan T-fal
,,,,,Garden Statues Design Toscano,Garden Boots Sloggers
,,,,,Fountain Pen Pilot,Soup Pot Le Creuset
,,,,,Sofa Cover Easy-Going,Toilet Brush OXO
,,,,,Salad Spinner OXO,Mason Jars Ball
,,,,,Inflatable Pool Intex,Electric Fireplace Duraflame
,,,,,Tea Infuser Fred & Friends,Gardening Hat Sloggers
,,,,,Bird Bath Best Choice Products,Pastry Brush OXO
,,,,,Mandoline Slicer Mueller Austria,Bird Seed Wagner's
,,,,,Rain Gauge AcuRite,Garden Lights Solpex
,,,,,Solar Garden Lights Gigalumi,Cake Stand Libbey
,,,,,Pie Server OXO,Iron Rowenta
,,,,,Orchid Pot Meshpot,Salad Bowl Lipper International
,,,,,Fireplace Tools Amagabeli,Outdoor Rug Fab Habitat
,,,,,Pizza Stone Cuisinart,Kitchen Scale Etekcity
,,,,,Garden Flag Toland Home Garden,Mulch Scotts
,,,,,Meat Thermometer ThermoPro,Placemats DII
,,,,,Cheese Board Royal Craft Wood,Oil Diffuser VicTsing
,,,,,Wind Chimes Woodstock Chimes,Garden Bench Cushion Pillow Perfect
,,,,,Juice Extractor Breville,Herb Scissors Jenaluca
,,,,,Folding Chair Cosco,Grill Mat Grillaholics
,,,,,Towel Warmer Brookstone,Garden Tiller Sun Joe
,,,,,Birdhouse Nature's Way,
,,,,,Kitchen Timer OXO,
,,,,,Bath Caddy Royal Craft Wood,
,,,,,Fruit Bowl Spectrum Diversified,
,,,,,Knife Sharpener Chef'sChoice,
,,,,,Garden Trowel Fiskars,
,,,,,Bread Box Brabantia,
,,,,,Wine Glasses Riedel,
,,,,,Electric Blanket Sunbeam,
,,,,,Garden Arbor New England Arbors,
,,,,,Gravy Boat Noritake,
,,,,,Tablecloth LinenTablecloth,
,,,,,Mixing Bowls Pyrex,
,,,,,Shoe Rack Seville Classics,
,,,,,Garden Gnome GlitZGlam,
,,,,,Sandwich Maker Hamilton Beach,
,,,,,Pest Control Terro,
,,,,,Carpet Cleaner Hoover,
,,,,,Egg Cooker Dash,
,,,,,Desk Fan Vornado,
,,,,,Garden Edging Dimex,
,,,,,Ice Maker GE,
,,,,,Plant Saucer Curtis Wagner Plastics,
,,,,,Bathroom Mirror Kohler,
,,,,,Picnic Basket Picnic Time,
,,,,,Teapot Tealyra,
,,,,,Grill Brush Weber,
,,,,,Rocking Chair POLYWOOD,
,,,,,Saut?? Pan T-fal,
,,,,,Garden Boots Sloggers,
,,,,,Soup Pot Le Creuset,
,,,,,Toilet Brush OXO,
,,,,,Mason Jars Ball,
,,,,,Electric Fireplace Duraflame,
,,,,,Gardening Hat Sloggers,
,,,,,Pastry Brush OXO,
,,,,,Bird Seed Wagner's,
,,,,,Garden Lights Solpex,
,,,,,Cake Stand Libbey,
,,,,,Iron Rowenta,
,,,,,Salad Bowl Lipper International,
,,,,,Outdoor Rug Fab Habitat,
,,,,,Kitchen Scale Etekcity,
,,,,,Mulch Scotts,
,,,,,Placemats DII,
,,,,,Oil Diffuser VicTsing,
,,,,,Garden Bench Cushion Pillow Perfect,
,,,,,Herb Scissors Jenaluca,
,,,,,Grill Mat Grillaholics,
,,,,,Garden Tiller Sun Joe,
